"Company","Job_page"
"Apple","https://www.linkedin.com/company/apple/jobs/"
"Arteris","https://www.linkedin.com/company/arteris/jobs/"
"Google","https://www.linkedin.com/company/google/jobs/"
"Oracle","https://www.linkedin.com/company/oracle/jobs/"
"Amazon Web Services (AWS)","https://www.linkedin.com/company/amazon-web-services/jobs/"
"Honeywell","https://www.linkedin.com/company/honeywell/jobs/"
"Amazon","https://www.linkedin.com/company/amazon/jobs/"
"Experience","https://www.google.com/search?q=Experience+linkedin+jobs"
"MacDermid Alpha Electronics Solutions","https://www.linkedin.com/company/macdermid-alpha-electronics-solutions/jobs/"
"Meta","https://www.linkedin.com/company/meta/jobs/"
"Microsoft","https://www.linkedin.com/company/microsoft/jobs/"
"Stealth Startup","https://www.google.com/search?q=Stealth+Startup+linkedin+jobs"
"Applied Materials","https://www.linkedin.com/company/applied-materials/jobs/"
"Dr. Rath Research Institute","https://www.google.com/search?q=Dr.+Rath+Research+Institute+linkedin+jobs"
"Entegris","https://www.linkedin.com/company/entegris/jobs/"
"Freelance","https://www.linkedin.com/company/freelance/jobs/"
"KLA","https://www.linkedin.com/company/klacorp/jobs/"
"Mariana Minerals","https://www.google.com/search?q=Mariana+Minerals+linkedin+jobs"
"Nihon iPrism","https://www.linkedin.com/company/nihon-iprism/jobs/"
"NVIDIA","https://www.linkedin.com/company/nvidia/jobs/"
"PayPal","https://www.linkedin.com/company/paypal/jobs/"
"San José State University","https://www.linkedin.com/company/san-jose-state-university/jobs/"
"Sila Nanotechnologies Inc.","https://www.linkedin.com/company/sila-nanotechnologies/jobs/"
"Solstice Advanced Materials","https://www.linkedin.com/company/solstice-advanced-materials/jobs/"
"Stanford University School of Medicine","https://www.linkedin.com/company/stanford-university-school-of-medicine/jobs/"
"Thermo Fisher Scientific","https://www.linkedin.com/company/thermo-fisher-scientific/jobs/"
"Workday","https://www.linkedin.com/company/workday/jobs/"
"5G Stealth","https://www.google.com/search?q=5G+Stealth+linkedin+jobs"
"A-n-G Computer Consultants","https://www.linkedin.com/company/a-n-g-computer-consultants/jobs/"
"Abbott","https://www.linkedin.com/company/abbott/jobs/"
"AC Wellness Medical Group @ Apple","https://www.google.com/search?q=AC+Wellness+Medical+Group+%40+Apple+linkedin+jobs"
"Accelon Inc.","https://www.google.com/search?q=Accelon+Inc.+linkedin+jobs"
"Actemium Avanceon","https://www.google.com/search?q=Actemium+Avanceon+linkedin+jobs"
"AdventHealth Central Florida","https://www.google.com/search?q=AdventHealth+Central+Florida+linkedin+jobs"
"ÆON","https://www.google.com/search?q=%C3%86ON+linkedin+jobs"
"Affirma","https://www.google.com/search?q=Affirma+linkedin+jobs"
"Agilent Technologies","https://www.linkedin.com/company/agilent-technologies/jobs/"
"AirMyne","https://www.google.com/search?q=AirMyne+linkedin+jobs"
"Albertsons Companies","https://www.linkedin.com/company/albertsons/jobs/"
"Amberoon Inc.","https://www.google.com/search?q=Amberoon+Inc.+linkedin+jobs"
"AMD","https://www.linkedin.com/company/amd/jobs/"
"American Express","https://www.linkedin.com/company/american-express/jobs/"
"Anusha Industries","https://www.google.com/search?q=Anusha+Industries+linkedin+jobs"
"argenx","https://www.linkedin.com/company/argenx/jobs/"
"Aria Networks, Inc.","https://www.google.com/search?q=Aria+Networks%2C+Inc.+linkedin+jobs"
"Array Networks","https://www.google.com/search?q=Array+Networks+linkedin+jobs"
"Athos Therapeutics Inc","https://www.google.com/search?q=Athos+Therapeutics+Inc+linkedin+jobs"
"Atlassian","https://www.linkedin.com/company/atlassian/jobs/"
"Atreya Innovations","https://www.google.com/search?q=Atreya+Innovations+linkedin+jobs"
"Axtria - Ingenious Insights","https://www.google.com/search?q=Axtria+-+Ingenious+Insights+linkedin+jobs"
"Aya Healthcare","https://www.google.com/search?q=Aya+Healthcare+linkedin+jobs"
"Ayurvedamrut","https://www.google.com/search?q=Ayurvedamrut+linkedin+jobs"
"BAE Systems, Inc.","https://www.linkedin.com/company/bae-systems/jobs/"
"BD","https://www.linkedin.com/company/bd/jobs/"
"Benjamin Moore & Co.","https://www.linkedin.com/company/benjamin-moore/jobs/"
"Berkeley Lab","https://www.linkedin.com/company/lawrence-berkeley-national-laboratory/jobs/"
"Biohub","https://www.google.com/search?q=Biohub+linkedin+jobs"
"BioMarin Pharmaceutical Inc.","https://www.google.com/search?q=BioMarin+Pharmaceutical+Inc.+linkedin+jobs"
"Bizshore Inc","https://www.google.com/search?q=Bizshore+Inc+linkedin+jobs"
"Boeing","https://www.linkedin.com/company/boeing/jobs/"
"BPD Alliance | Borderline Personality Disorder","https://www.google.com/search?q=BPD+Alliance+%7C+Borderline+Personality+Disorder+linkedin+jobs"
"Butter Payments","https://www.google.com/search?q=Butter+Payments+linkedin+jobs"
"Cadence","https://www.linkedin.com/company/cadence/jobs/"
"Caidya","https://www.google.com/search?q=Caidya+linkedin+jobs"
"CALIFORNIA ASSOCIATION OF AYURVEDIC MEDICINE","https://www.google.com/search?q=CALIFORNIA+ASSOCIATION+OF+AYURVEDIC+MEDICINE+linkedin+jobs"
"Calix","https://www.linkedin.com/company/calix/jobs/"
"CalSTRS","https://www.google.com/search?q=CalSTRS+linkedin+jobs"
"camLine","https://www.google.com/search?q=camLine+linkedin+jobs"
"Career break","https://www.google.com/search?q=Career+break+linkedin+jobs"
"Center for Robotics and Biosystems","https://www.google.com/search?q=Center+for+Robotics+and+Biosystems+linkedin+jobs"
"Center for Whole Health & Well-being","https://www.google.com/search?q=Center+for+Whole+Health+%26+Well-being+linkedin+jobs"
"Central Florida Investments, Inc.","https://www.google.com/search?q=Central+Florida+Investments%2C+Inc.+linkedin+jobs"
"CentralSquare Technologies","https://www.linkedin.com/company/centralsquare-technologies/jobs/"
"Cerulion","https://www.google.com/search?q=Cerulion+linkedin+jobs"
"Chapter One","https://www.google.com/search?q=Chapter+One+linkedin+jobs"
"Chief","https://www.google.com/search?q=Chief+linkedin+jobs"
"Chief Domain Expert","https://www.google.com/search?q=Chief+Domain+Expert+linkedin+jobs"
"Chikka Chikka","https://www.google.com/search?q=Chikka+Chikka+linkedin+jobs"
"Cigna Healthcare","https://www.linkedin.com/company/cigna-healthcare/jobs/"
"CircleSquare","https://www.google.com/search?q=CircleSquare+linkedin+jobs"
"Cisco","https://www.linkedin.com/company/cisco/jobs/"
"City of Goodness","https://www.google.com/search?q=City+of+Goodness+linkedin+jobs"
"City of Houston","https://www.linkedin.com/company/city-of-houston/jobs/"
"Clemson University","https://www.linkedin.com/company/clemson-university/jobs/"
"Climate Stories","https://www.google.com/search?q=Climate+Stories+linkedin+jobs"
"CooperVision","https://www.linkedin.com/company/coopervision/jobs/"
"Courage Schools","https://www.google.com/search?q=Courage+Schools+linkedin+jobs"
"CrowdStrike","https://www.linkedin.com/company/crowdstrike/jobs/"
"Daramic","https://www.linkedin.com/company/daramic/jobs/"
"Databricks","https://www.linkedin.com/company/databricks/jobs/"
"Datasaur","https://www.linkedin.com/company/datasaur/jobs/"
"Deloitte","https://www.linkedin.com/company/deloitte/jobs/"
"DigiLens Inc.","https://www.google.com/search?q=DigiLens+Inc.+linkedin+jobs"
"Digimarc","https://www.linkedin.com/company/digimarc/jobs/"
"DocNetwork","https://www.google.com/search?q=DocNetwork+linkedin+jobs"
"DoorDash","https://www.linkedin.com/company/doordash/jobs/"
"DYNA Filters Pvt. Ltd.","https://www.google.com/search?q=DYNA+Filters+Pvt.+Ltd.+linkedin+jobs"
"Ease and Support Palliative care service","https://www.google.com/search?q=Ease+and+Support+Palliative+care+service+linkedin+jobs"
"Ecolab","https://www.linkedin.com/company/ecolab/jobs/"
"Element Solutions Inc","https://www.linkedin.com/company/element-solutions/jobs/"
"EMD Electronics","https://www.google.com/search?q=EMD+Electronics+linkedin+jobs"
"ENN Group","https://www.google.com/search?q=ENN+Group+linkedin+jobs"
"EPAM Systems","https://www.linkedin.com/company/epam-systems/jobs/"
"Espire Infolabs","https://www.google.com/search?q=Espire+Infolabs+linkedin+jobs"
"EverCommerce","https://www.google.com/search?q=EverCommerce+linkedin+jobs"
"Eversource Energy","https://www.linkedin.com/company/eversource-energy/jobs/"
"Excelitas Technologies Corp.","https://www.google.com/search?q=Excelitas+Technologies+Corp.+linkedin+jobs"
"Facebook","https://www.linkedin.com/company/meta/jobs/"
"Fidel Technologies","https://www.google.com/search?q=Fidel+Technologies+linkedin+jobs"
"Flock","https://www.google.com/search?q=Flock+linkedin+jobs"
"Forian Inc.","https://www.google.com/search?q=Forian+Inc.+linkedin+jobs"
"Fortis Construction, Inc.","https://www.google.com/search?q=Fortis+Construction%2C+Inc.+linkedin+jobs"
"Gametime","https://www.google.com/search?q=Gametime+linkedin+jobs"
"Garware Fulflex India Private Limited","https://www.linkedin.com/company/garware-fulflex/jobs/"
"GE Vernova","https://www.google.com/search?q=GE+Vernova+linkedin+jobs"
"Genentech","https://www.linkedin.com/company/genentech/jobs/"
"Gilead Sciences","https://www.linkedin.com/company/gilead-sciences/jobs/"
"Government of Maharashtra (GoM)","https://www.google.com/search?q=Government+of+Maharashtra+(GoM)+linkedin+jobs"
"Govt. of India","https://www.google.com/search?q=Govt.+of+India+linkedin+jobs"
"Govt. of Maharashtra","https://www.google.com/search?q=Govt.+of+Maharashtra+linkedin+jobs"
"GRAIL","https://www.google.com/search?q=GRAIL+linkedin+jobs"
"Grants & Scholarships Trustee","https://www.google.com/search?q=Grants+%26+Scholarships+Trustee+linkedin+jobs"
"Hanna Center","https://www.google.com/search?q=Hanna+Center+linkedin+jobs"
"HDFC Bank","https://www.linkedin.com/company/hdfc-bank/jobs/"
"Headway","https://www.google.com/search?q=Headway+linkedin+jobs"
"Hear Your Song","https://www.google.com/search?q=Hear+Your+Song+linkedin+jobs"
"Herachem Technology","https://www.google.com/search?q=Herachem+Technology+linkedin+jobs"
"Hoag Health System","https://www.linkedin.com/company/hoag-health-system/jobs/"
"Honeywell Electronic Materials","https://www.google.com/search?q=Honeywell+Electronic+Materials+linkedin+jobs"
"Honeywell Inc.","https://www.linkedin.com/company/honeywell/jobs/"
"How Women Invest","https://www.google.com/search?q=How+Women+Invest+linkedin+jobs"
"Humana Centerwell specialty pharmacy","https://www.google.com/search?q=Humana+Centerwell+specialty+pharmacy+linkedin+jobs"
"Hyve Solutions","https://www.google.com/search?q=Hyve+Solutions+linkedin+jobs"
"IBM","https://www.linkedin.com/company/ibm/jobs/"
"iBridged Team and Leadership Development","https://www.google.com/search?q=iBridged+Team+and+Leadership+Development+linkedin+jobs"
"iCAN (International Children's Advisory Network)","https://www.google.com/search?q=iCAN+(International+Children's+Advisory+Network)+linkedin+jobs"
"ICE","https://www.google.com/search?q=ICE+linkedin+jobs"
"ideaForge","https://www.google.com/search?q=ideaForge+linkedin+jobs"
"IEEE","https://www.google.com/search?q=IEEE+linkedin+jobs"
"Impractical AI","https://www.google.com/search?q=Impractical+AI+linkedin+jobs"
"Integra Connect","https://www.google.com/search?q=Integra+Connect+linkedin+jobs"
"Intel Corporation","https://www.linkedin.com/company/intel-corporation/jobs/"
"Intuitive","https://www.linkedin.com/company/intuitive-surgical/jobs/"
"IQVIA","https://www.linkedin.com/company/iqvia/jobs/"
"Istoria Club","https://www.google.com/search?q=Istoria+Club+linkedin+jobs"
"Jnana Prabodhini","https://www.google.com/search?q=Jnana+Prabodhini+linkedin+jobs"
"Joan Viteri Memorial Clinic","https://www.google.com/search?q=Joan+Viteri+Memorial+Clinic+linkedin+jobs"
"Johnson & Johnson","https://www.linkedin.com/company/johnson-johnson/jobs/"
"Jupiter Endovascular","https://www.google.com/search?q=Jupiter+Endovascular+linkedin+jobs"
"Kerala Ayurveda Limited","https://www.google.com/search?q=Kerala+Ayurveda+Limited+linkedin+jobs"
"Kerala Ayurveda USA","https://www.google.com/search?q=Kerala+Ayurveda+USA+linkedin+jobs"
"Kiteworks","https://www.google.com/search?q=Kiteworks+linkedin+jobs"
"KLA-Tencor","https://www.linkedin.com/company/klacorp/jobs/"
"KNAV US","https://www.google.com/search?q=KNAV+US+linkedin+jobs"
"kushmanda.ai","https://www.google.com/search?q=kushmanda.ai+linkedin+jobs"
"Lam Research","https://www.linkedin.com/company/lam-research/jobs/"
"Lehi Valley Trading Company","https://www.google.com/search?q=Lehi+Valley+Trading+Company+linkedin+jobs"
"LexisNexis Risk Solutions","https://www.linkedin.com/company/lexisnexis-risk-solutions/jobs/"
"Life","https://www.google.com/search?q=Life+linkedin+jobs"
"LinkedIn","https://www.linkedin.com/company/linkedin/jobs/"
"Lockheed Martin","https://www.linkedin.com/company/lockheed-martin/jobs/"
"LWG Construction Inc.","https://www.google.com/search?q=LWG+Construction+Inc.+linkedin+jobs"
"Maroon Research Institute","https://www.google.com/search?q=Maroon+Research+Institute+linkedin+jobs"
"Mathisys Advisors LLC","https://www.google.com/search?q=Mathisys+Advisors+LLC+linkedin+jobs"
"MaxLinear","https://www.linkedin.com/company/maxlinear/jobs/"
"McAfee / Network Associates","https://www.linkedin.com/company/mcafee/jobs/"
"Meritorium Knowledge Academy","https://www.google.com/search?q=Meritorium+Knowledge+Academy+linkedin+jobs"
"Metanoia Technologies","https://www.google.com/search?q=Metanoia+Technologies+linkedin+jobs"
"Mid-West Textile LLC","https://www.google.com/search?q=Mid-West+Textile+LLC+linkedin+jobs"
"Mistral Solutions Inc","https://www.linkedin.com/company/mistral-solutions/jobs/"
"Moreau Catholic High School","https://www.google.com/search?q=Moreau+Catholic+High+School+linkedin+jobs"
"Morgan Stanley","https://www.linkedin.com/company/morgan-stanley/jobs/"
"MyFitnessPal","https://www.linkedin.com/company/myfitnesspal/jobs/"
"NA","https://www.google.com/search?q=NA+linkedin+jobs"
"nandakiin properties","https://www.google.com/search?q=nandakiin+properties+linkedin+jobs"
"NASA - National Aeronautics and Space Administration","https://www.linkedin.com/company/nasa/jobs/"
"National Ayurvedic Medical Association","https://www.google.com/search?q=National+Ayurvedic+Medical+Association+linkedin+jobs"
"NeoBiotechnologies","https://www.google.com/search?q=NeoBiotechnologies+linkedin+jobs"
"Netflix","https://www.linkedin.com/company/netflix/jobs/"
"Neurotech@Berkeley","https://www.google.com/search?q=Neurotech%40Berkeley+linkedin+jobs"
"Nextracker Inc.","https://www.google.com/search?q=Nextracker+Inc.+linkedin+jobs"
"ngp capital","https://www.google.com/search?q=ngp+capital+linkedin+jobs"
"Nike","https://www.linkedin.com/company/nike/jobs/"
"NORTH CAROLINA DEPARTMENT OF HEALTH AND HUMAN SERVICES","https://www.google.com/search?q=NORTH+CAROLINA+DEPARTMENT+OF+HEALTH+AND+HUMAN+SERVICES+linkedin+jobs"
"O Homez Inc.","https://www.google.com/search?q=O+Homez+Inc.+linkedin+jobs"
"Optra Health","https://www.google.com/search?q=Optra+Health+linkedin+jobs"
"Oracle Corp.","https://www.linkedin.com/company/oracle/jobs/"
"Oracle Corp[oration","https://www.google.com/search?q=Oracle+Corp%5Boration+linkedin+jobs"
"Palantir Technologies","https://www.linkedin.com/company/palantir-technologies/jobs/"
"Peek","https://www.google.com/search?q=Peek+linkedin+jobs"
"PepsiCo","https://www.linkedin.com/company/pepsico/jobs/"
"PG&E","https://www.google.com/search?q=PG%26E+linkedin+jobs"
"Privacera","https://www.google.com/search?q=Privacera+linkedin+jobs"
"ProducePay","https://www.google.com/search?q=ProducePay+linkedin+jobs"
"Prologis","https://www.linkedin.com/company/prologis/jobs/"
"PromptOne","https://www.google.com/search?q=PromptOne+linkedin+jobs"
"Prospicient Devices","https://www.google.com/search?q=Prospicient+Devices+linkedin+jobs"
"Protiviti","https://www.google.com/search?q=Protiviti+linkedin+jobs"
"ProTransport-1 Ambulance","https://www.google.com/search?q=ProTransport-1+Ambulance+linkedin+jobs"
"PwC","https://www.linkedin.com/company/pwc/jobs/"
"QuinStreet","https://www.linkedin.com/company/quinstreet/jobs/"
"Railroad Commission of Texas","https://www.google.com/search?q=Railroad+Commission+of+Texas+linkedin+jobs"
"Raytheon Intelligence & Space","https://www.linkedin.com/company/raytheon-technologies/jobs/"
"RealWear, Inc.","https://www.linkedin.com/company/realwear/jobs/"
"Red Ventures","https://www.google.com/search?q=Red+Ventures+linkedin+jobs"
"Reddit, Inc.","https://www.linkedin.com/company/reddit-inc/jobs/"
"Reliable Robotics Corporation","https://www.google.com/search?q=Reliable+Robotics+Corporation+linkedin+jobs"
"Research Assistant","https://www.google.com/search?q=Research+Assistant+linkedin+jobs"
"RHF (Retirement Housing Foundation)","https://www.google.com/search?q=RHF+(Retirement+Housing+Foundation)+linkedin+jobs"
"Richard Heath & Associates, Inc. (RHA)","https://www.google.com/search?q=Richard+Heath+%26+Associates%2C+Inc.+(RHA)+linkedin+jobs"
"Riveron","https://www.google.com/search?q=Riveron+linkedin+jobs"
"Rivian and Volkswagen Group Technologies","https://www.linkedin.com/company/rivian-group-limited/jobs/"
"Roche","https://www.linkedin.com/company/roche/jobs/"
"Rocky Mountain Mineral Law Foundation","https://www.google.com/search?q=Rocky+Mountain+Mineral+Law+Foundation+linkedin+jobs"
"Roku","https://www.linkedin.com/company/roku/jobs/"
"Saviynt","https://www.google.com/search?q=Saviynt+linkedin+jobs"
"SavvyMoney","https://www.google.com/search?q=SavvyMoney+linkedin+jobs"
"Senior Account Executive","https://www.google.com/search?q=Senior+Account+Executive+linkedin+jobs"
"Senior Lead Data Scientist","https://www.google.com/search?q=Senior+Lead+Data+Scientist+linkedin+jobs"
"Senior Royalty Analyst","https://www.google.com/search?q=Senior+Royalty+Analyst+linkedin+jobs"
"Senseeker","https://www.google.com/search?q=Senseeker+linkedin+jobs"
"Service Global, Inc.","https://www.google.com/search?q=Service+Global%2C+Inc.+linkedin+jobs"
"ServiceNow","https://www.linkedin.com/company/servicenow/jobs/"
"ServiceTitan","https://www.google.com/search?q=ServiceTitan+linkedin+jobs"
"Seven Capital Ventures","https://www.google.com/search?q=Seven+Capital+Ventures+linkedin+jobs"
"Shipt","https://www.google.com/search?q=Shipt+linkedin+jobs"
"SI-BONE","https://www.google.com/search?q=SI-BONE+linkedin+jobs"
"Siemens","https://www.linkedin.com/company/siemens/jobs/"
"Sila Nanotechnologies, Inc.","https://www.google.com/search?q=Sila+Nanotechnologies%2C+Inc.+linkedin+jobs"
"Sleath AI platform","https://www.google.com/search?q=Sleath+AI+platform+linkedin+jobs"
"Social Alpha","https://www.google.com/search?q=Social+Alpha+linkedin+jobs"
"South Stack Studios","https://www.google.com/search?q=South+Stack+Studios+linkedin+jobs"
"SP Finance FP&A Controller","https://www.google.com/search?q=SP+Finance+FP%26A+Controller+linkedin+jobs"
"SpaceX","https://www.linkedin.com/company/spacex/jobs/"
"Sparkflows Inc.","https://www.google.com/search?q=Sparkflows+Inc.+linkedin+jobs"
"Sparkline Technical & Marketing Consulting","https://www.google.com/search?q=Sparkline+Technical+%26+Marketing+Consulting+linkedin+jobs"
"Sprinklr","https://www.google.com/search?q=Sprinklr+linkedin+jobs"
"STIR Foods, LLC","https://www.google.com/search?q=STIR+Foods%2C+LLC+linkedin+jobs"
"Surrasa","https://www.google.com/search?q=Surrasa+linkedin+jobs"
"Susquehanna International Group, LLP (SIG)","https://www.linkedin.com/company/susquehanna-international-group/jobs/"
"Sutter Health - Palo Alto Medical Foundation","https://www.google.com/search?q=Sutter+Health+-+Palo+Alto+Medical+Foundation+linkedin+jobs"
"Suzhou SmartMAT Techonolgies","https://www.google.com/search?q=Suzhou+SmartMAT+Techonolgies+linkedin+jobs"
"Syntellect","https://www.google.com/search?q=Syntellect+linkedin+jobs"
"System Biosciences","https://www.google.com/search?q=System+Biosciences+linkedin+jobs"
"T&S Hotel Advisors","https://www.google.com/search?q=T%26S+Hotel+Advisors+linkedin+jobs"
"TalkingPoints","https://www.google.com/search?q=TalkingPoints+linkedin+jobs"
"Taskrabbit","https://www.google.com/search?q=Taskrabbit+linkedin+jobs"
"Tesla","https://www.linkedin.com/company/tesla/jobs/"
"The Clorox Company","https://www.linkedin.com/company/the-clorox-company/jobs/"
"The D. E. Shaw Group","https://www.google.com/search?q=The+D.+E.+Shaw+Group+linkedin+jobs"
"The Lubrizol Corporation","https://www.google.com/search?q=The+Lubrizol+Corporation+linkedin+jobs"
"TransitCenter","https://www.google.com/search?q=TransitCenter+linkedin+jobs"
"Turning Point","https://www.google.com/search?q=Turning+Point+linkedin+jobs"
"TÜV SÜD","https://www.google.com/search?q=T%C3%9CV+S%C3%9CD+linkedin+jobs"
"Uber","https://www.linkedin.com/company/uber/jobs/"
"UCLA Health","https://www.linkedin.com/company/ucla-health/jobs/"
"University of California, San Francisco","https://www.linkedin.com/company/university-of-california-san-francisco/jobs/"
"University of Colorado Boulder","https://www.linkedin.com/company/university-of-colorado-boulder/jobs/"
"US Army Corps of Engineers","https://www.google.com/search?q=US+Army+Corps+of+Engineers+linkedin+jobs"
"US Specialty Formulations LLC","https://www.google.com/search?q=US+Specialty+Formulations+LLC+linkedin+jobs"
"USAA","https://www.linkedin.com/company/usaa/jobs/"
"Verra Mobility","https://www.linkedin.com/company/verra-mobility/jobs/"
"Versa Materials Technology","https://www.google.com/search?q=Versa+Materials+Technology+linkedin+jobs"
"ViewFindAR","https://www.google.com/search?q=ViewFindAR+linkedin+jobs"
"Vikramshila Education Resource Society, Aga Khan Foundation, Quality Education Support Trust","https://www.google.com/search?q=Vikramshila+Education+Resource+Society%2C+Aga+Khan+Foundation%2C+Quality+Education+Support+Trust+linkedin+jobs"
"VISHVDHARA ENGINEERING PVT. LTD.","https://www.google.com/search?q=VISHVDHARA+ENGINEERING+PVT.+LTD.+linkedin+jobs"
"Walmart.com","https://www.google.com/search?q=Walmart.com+linkedin+jobs"
"Woven by Toyota","https://www.linkedin.com/company/woven-by-toyota/jobs/"
"WTX India","https://www.google.com/search?q=WTX+India+linkedin+jobs"
"Yale University","https://www.linkedin.com/company/yale-university/jobs/"
"Yarra Valley Water","https://www.google.com/search?q=Yarra+Valley+Water+linkedin+jobs"
"YHK AI Consultancy","https://www.google.com/search?q=YHK+AI+Consultancy+linkedin+jobs"
"Yield Engineering Systems","https://www.google.com/search?q=Yield+Engineering+Systems+linkedin+jobs"
"YUJ Designs | A Global Design Company","https://www.google.com/search?q=YUJ+Designs+%7C+A+Global+Design+Company+linkedin+jobs"
"Zamil Information Technology Global Private Ltd. Pune","https://www.google.com/search?q=Zamil+Information+Technology+Global+Private+Ltd.+Pune+linkedin+jobs"
"Zillow","https://www.linkedin.com/company/zillow/jobs/"
"台積電","https://www.google.com/search?q=%E5%8F%B0%E7%A9%8D%E9%9B%BB+linkedin+jobs"
